ItineraryID,Spot1,Spot2,Spot3,Spot4,Spot5,Historical,Nature,Religious,Art,Activities,Entertainment,Culture,,,Context,link to itinerary
1,Basilica Minore Del Santo Nino,Magellan’s Cross,"Fort San Pedro
",Heritage of Cebu Monument,"Cebu Taoist Temple
",5,0,2,1,0,0,2,,,First 5 places only,https://www.cebutours.ph/package/half-day-cebu-city-tour/
2,Sirao Garden,La Vie in the Sky,Temple of Leah,Simala Shrine (Monastery of the Holy Eucharist),,2,2,1,1,0,1,2,,,"Tops Lookout is temporarily closed, La Vie in the Sky is temporary replacement",https://www.cebutours.ph/package/simala-church-temple-of-leah-sirao-garden-tops-of-cebu/
3,Basilica Minore Del Santo Nino,Magellan’s Cross,Fort San Pedro,"Heritage of Cebu Monument",Yap-San Diego Ancestral House,5,0,1,0,0,0,2,,,First 5 places out of 11 places,https://www.cebutours.ph/package/cebu-and-lapu-lapu-city-tour/
4,Alegre Guitar Factory,Mactan Shrine,Cebu Taoist Temple,Temple of Leah,Tops Lookout,4,1,1,2,0,1,3,,,Places 6-10 of link,https://www.cebutours.ph/package/cebu-and-lapu-lapu-city-tour/
5,Temple of Leah,Tops Lookout,Sirao Garden,Adventure Cafe and Zipline,Buwakan ni Alejandra,1,3,,1,1,2,1,,,,https://www.cebutours.ph/package/cebu-mountain-tour/
6,Cebu Provincial Museum,Heritage of Cebu Monument,Yap-San Diego Ancestral House,Magellan’s Cross,Basilica Minore Del Santo Nino,5,0,1,0,0,0,3,,,First 5 places out of 8 total places,https://www.travelcebu.ph/best-cebu-city-tour/
7,Sirao Garden,Temple of Leah,Cebu Taoist Temple,,,2,1,1,2,0,0,1,,,Places 6 to 8,https://www.travelcebu.ph/best-cebu-city-tour/
8,Simala Shrine (Monastery of the Holy Eucharist),Sirao Garden,Sachiko's Little Kyoto,Temple of Leah,,2,2,1,1,0,1,2,,,,https://www.kaganatours.com/simala-shrine-uphill-tour/
9,Buwakan ni Alejandra,Adventure Cafe and Zipline,Sirao Garden,Tops Lookout,Temple of Leah,1,3,0,1,1,2,1,,,"First 5 places only, also excluding first place (resort)",https://www.kaganatours.com/cebu-uphill-tour/
10,Sirao Garden,Temple of Leah,Cebu Taoist Temple,Yap-San Diego Ancestral House,Heritage of Cebu Monument,4,1,1,2,0,0,1,,,First 5 places only out of 9 total,https://www.kaganatours.com/cebu-city-tour-with-mactan-uphill/
11,Fort San Pedro,Magellan's Cross,Basilica Minore Del Santo Nino,Mactan Shrine,,4,0,1,0,0,0,3,,,Places 6-9 of link,https://www.kaganatours.com/cebu-city-tour-with-mactan-uphill/
12,Cebu Taoist Temple,Yap-San Diego Ancestral House,Heritage of Cebu Monument,Fort San Pedro,Magellan's Cross,5,0,1,1,0,0,1,,,First 5 places only out of 6 total,https://www.kaganatours.com/half-day-cebu-city-tour
13,Temple of Leah,Tops Lookout,La Vie in the Sky,10000 Roses Cafe,,1,3,0,1,0,3,1,,,,https://www.kaganatours.com/cebu-night-tour/
14,Simala Shrine (Monastery of the Holy Eucharist),Teofilo Camomot Shrine,Theotokos Shrine,Chapel of San Pedro Calungsod,,1,0,4,0,0,0,1,,,,https://www.kaganatours.com/cebu-pilgrimage-tour/
15,Basilica Minore Del Santo Nino,Magellan's Cross,Fort San Pedro,Cebu Metropolitan Cathedral,Sky Experience Adventure,3,0,2,0,1,1,2,,,3D/2N Day 1 tour of Link,https://www.pinoyadventurista.com/2020/05/cebu-itinerary-for-3-4-5-6-days-philippines.html
16,Cebu Taoist Temple,Sirao Garden,Temple of Leah,Taboan Public Market,,2,1,1,2,1,0,2,,,3D/2N Day 2 Tour  of provided link,https://www.pinoyadventurista.com/2020/05/cebu-itinerary-for-3-4-5-6-days-philippines.html
17,Heritage of Cebu Monument,Colon Street,Jesuit House Museum,Yap-San Diego Ancestral House,Mactan Shrine,4,0,1,0,1,0,2,,,3D/2n Day 3 Tour of provided link,https://www.pinoyadventurista.com/2020/05/cebu-itinerary-for-3-4-5-6-days-philippines.html
18,Fort San Pedro,Cebu Provincial Museum,Magellan's Cross,Basilica Minore Del Santo Nino,Cebu Taoist Temple,5,0,2,1,0,0,3,,,4D/3N Day 1 tour 5 starting locations,https://www.pinoyadventurista.com/2020/05/cebu-itinerary-for-3-4-5-6-days-philippines.html
19,Hilutongan Island (Gilutongan Island),Nalusuan Island,Caohagan Island,,,0,3,0,0,3,0,0,,,4D/3N Day 2 tour,https://www.pinoyadventurista.com/2020/05/cebu-itinerary-for-3-4-5-6-days-philippines.html
20,Cebu Provincial Museum,Sirao Garden,Temple of Leah,Taboan Public Market,,2,1,0,1,1,0,3,,,"4D/3N Day 3 tour, excluding some spots",https://www.pinoyadventurista.com/2020/05/cebu-itinerary-for-3-4-5-6-days-philippines.html
21,Heritage of Cebu Monument,Colon Street,Jesuit House Museum,Yap-San Diego Ancestral House,Mactan Shrine,4,0,1,0,1,0,2,,,4D/3N Day 4 tour,https://www.pinoyadventurista.com/2020/05/cebu-itinerary-for-3-4-5-6-days-philippines.html
22,Fort San Pedro,Magellan's Cross,Basilica Minore Del Santo Nino,Heritage of Cebu Monument,Temple of Leah   ,5,0,1,1,0,0,3,,,First 5 places of itinerary of provided link,https://madmonkeyhostels.com/h2o_blog/cebu-itinerary/
23,Sirao Garden,Mountain View Nature's Park,Temple of Leah,Kabang Falls (Budlaan Falls),Cebu Taoist Temple,2,2,1,2,2,1,1,,,Day 1 itinerary of provided link,https://www.thebrokebackpacker.com/cebu-itinerary/
24,Osmena Peak,Kawasan Falls,Panagsama Beach,White Beach Moalboal,,0,4,0,0,4,0,0,,,Day 2 itinerary of provided link,https://www.thebrokebackpacker.com/cebu-itinerary/
25,Temple of Leah,Cebu Taoist Temple,Mactan Shrine,,,3,0,1,2,0,0,2,,,"Day 1 itinerary of provided link, excluding some spots",https://adventureswithnienie.com/cebu-itinerary/
26,Magellan’s Cross,Basilica Minore Del Santo Nino,Fort San Pedro,Upside Down World,,3,0,1,1,0,1,2,,,Day 2 itinerary of provided link,https://adventureswithnienie.com/cebu-itinerary/
27,Pescador Island,White Beach Moalboal,,,,0,2,0,0,2,0,0,,,Day 3 itinerary of provided link,https://adventureswithnienie.com/cebu-itinerary/
28,Canyoneering Cebu Badian Adventure,Kawasan Falls,,,,0,1,0,0,2,1,0,,,Day 4 itinerary of provided link,https://adventureswithnienie.com/cebu-itinerary/
29,Oslob Whale Shark Watching,Tingko Beach,Simala Shrine (Monastery of the Holy Eucharist),,,1,2,1,0,2,1,1,,,Day 5 itinerary of provided link,https://adventureswithnienie.com/cebu-itinerary/
30,Magellan’s Cross,Fort San Pedro,Taboan Public Market,Jesuit House Museum,Casa Gorordo Museum,4,0,1,0,1,0,3,,,Day 1 itinerary of provided link,https://www.roadaffair.com/5-days-in-cebu-itinerary/
31,Sirao Garden,Temple Of Leah,Tops Lookout,Magellan's Cross,Basilica Minore Del Santo Nino,3,2,1,1,0,1,3,,,Day 1 itinerary of provided link,https://www.awanderfulsole.com/cebu-5-day-itinerary-budget-travel-guide-bantayan-island-oslob-sumilon-samboan-osmena-peak-sidetrip-manjuyod-sandbar/
32,Fort San Pedro,Basilica Minore Del Santo Nino,Magellan's Cross,Heritage of Cebu Monument,Yap-San Diego Ancestral House,5,0,1,0,0,0,2,,,First 5 places only out of 7,https://www.smitabhattacharya.com/cebu-city-travel-itinerary/
33,Magellan's Cross,Fort San Pedro,Sky Experience Adventure,Cebu Taoist Temple,Sirao Garden,3,1,1,1,1,1,1,,,First few places (first 2 places are condensed),https://www.detourista.com/guide/cebu/
34,Plaza Independencia,Fort San Pedro,Magellan’s Cross,Basilica Minore Del Santo Nino,Sirao Garden,4,1,1,0,0,0,2,,,First 5 places out of 8,https://mywanderstory.com/2018/02/03/cebu-city-tour-8-destinations/
35,Tops Lookout,Temple Of Leah,Cebu Taoist Temple,,,2,1,1,2,0,1,1,,,,https://mywanderstory.com/2018/02/03/cebu-city-tour-8-destinations/
36,Basilica Minore Del Santo Nino,Magellan’s Cross,Fort San Pedro,Cebu Provincial Museum,Casa Gorordo Museum,5,0,1,0,0,0,4,,,"First 5 places out of 9, Day 1 itinerary of link",https://dianashealthyliving.com/4-day-cebu-itinerary/
37,Yap-San Diego Ancestral House,Heritage of Cebu Monument,Colon Street,,,2,0,0,0,3,0,1,,,"Places 6 to 9 , Day 1 itinerary of link",https://dianashealthyliving.com/4-day-cebu-itinerary/
38,Mactan Shrine,Olango Islands,Island Eco Tourism Park,San Vicente Marine Sanctuary,,1,2,0,0,3,1,1,,,Day 2 itinerary of provided link,https://dianashealthyliving.com/4-day-cebu-itinerary/
39,White Beach Moalboal,Panagsama Beach,,,,0,2,0,0,2,0,0,,,Day 3 itinerary of provided link,https://dianashealthyliving.com/4-day-cebu-itinerary/
40,Fort San Pedro,Magellan’s Cross,Basilica Minore Del Santo Nino,Colon Street,Cebu Taoist Temple,4,0,2,1,1,0,3,,,"First 5 places out of 7, Day 1 itinerary of link",https://expertworldtravel.com/cebu-4-day-itinerary/
41,Oslob Whale Shark Watching,Kawasan Falls,,,,0,2,0,0,2,1,0,,,Day 2 itinerary of link,https://expertworldtravel.com/cebu-4-day-itinerary/
42,White Beach Moalboal,Pescador Island,,,,0,2,0,0,2,0,0,,,Day 3 itinerary of link,https://expertworldtravel.com/cebu-4-day-itinerary/
43,Fort San Pedro,Basilica Minore Del Santo Nino,Magellan’s Cross,Cebu Metropolitan Cathedral,Cebu Taoist Temple,5,0,3,1,0,0,3,,,Day 3 itinerary of link,https://iwandered.net/manila-cebu-itinerary/#Day_3_-_Cebu
44,Basilica Minore Del Santo Nino,Fort San Pedro,Magellan’s Cross,Yap-San Diego Ancestral House,Tops Lookout,4,1,1,0,0,1,2,,,Day 1 itinerary of link,https://www.triphobo.com/tripplans/cebu-city-philippines/2-days-itinerary
45,Kawasan Falls,Tumalog Falls,Cebu Taoist Temple,Heritage of Cebu Monument,,2,2,1,1,2,0,0,,,Day 2 itinerary of link,https://www.triphobo.com/tripplans/cebu-city-philippines/2-days-itinerary
46,Sirao Garden,Temple Of Leah,Cebu Taoist Temple,Fort San Pedro,Basilica Minore Del Santo Nino,4,1,2,2,0,0,2,,,"First 5 places out of 6 , Day 1 itinerary of link",https://thegeeklygal.com/travel/cebu-bohol-itinerary-guide-budget
47,Mactan Shrine,Cebu Taoist Temple,Fort San Pedro,Magellan's Cross,,4,0,1,1,0,0,2,,,Day 1 itinerary of link,https://www.juanderfulpinoy.com/its-more-fun-in-cebua-3d2n-itinerary/
48,Panagsama Beach,Orchids Gallery,White Beach Moalboal,,,0,3,0,0,2,0,0,,,Day 2 itinerary of link,https://www.juanderfulpinoy.com/its-more-fun-in-cebua-3d2n-itinerary/
49,Magellan's Cross,Basilica Minore Del Santo Nino,Fort San Pedro,Mactan Shrine,Cebu Taoist Temple,5,0,2,1,0,0,3,,,Day 3 itinerary of link,https://mattscradle.com/bohol-to-cebu-itinerary-3days-2nights/
50,Canyoneering Cebu Badian Adventure,Kawasan Falls,,,,0,1,0,0,2,1,0,,,Day 2 itinerary of link,https://gretastravels.com/cebu-itinerary/
51,Panagsama Beach,SeaQuest Dive Center,White Beach Moalboal,,,0,3,0,0,3,0,0,,,Day 3 itinerary of link,https://gretastravels.com/cebu-itinerary/
52,Kawasan Falls,Cambais Falls,Osmena Peak,,,0,2,0,0,2,0,0,,,Day 4 itinerary of link,https://gretastravels.com/cebu-itinerary/
53,Oslob Whale Shark Watching,Tumalog Falls,,,,0,2,0,0,2,1,0,,,Day 5 itinerary of link,https://gretastravels.com/cebu-itinerary/
54,Hilutongan Island (Gilutongan Island),Caohagan Island,Nalusuan Island,,,0,3,0,0,3,0,0,,,Island hopping,https://www.cebutours.ph/package/mactan-island-hopping/
55,Oslob Whale Shark Watching,Tumalog Falls,Sumilon Island Sandbar,Kawasan Falls,,0,4,0,0,4,2,0,,,,https://www.cebutours.ph/package/whale-shark-watching-sumilon-sandbar-kawasan-falls-tour/
56,Oslob Whale Shark Watching,Tumalog Falls,Sumilon Island Sandbar,Pescador Island,,0,4,0,0,4,2,0,,,Island hopping,https://www.cebutours.ph/package/whale-shark-watching-sumilon-sandbar-pescador-island/
57,Oslob Whale Shark Watching,Tumalog Falls,Kawasan Falls,Pescador Island,,0,4,0,0,4,1,0,,,Island hopping,https://www.cebutours.ph/package/whale-shark-watching-kawasan-falls-pescador-island/
58,Oslob Whale Shark Watching,Tumalog Falls,Kawasan Falls,,,0,3,0,0,3,1,0,,,,https://www.cebutours.ph/package/whale-shark-and-kawasan-falls-tour/
59,Oslob Whale Shark Watching,Tumalog Falls,Sumilon Island Sandbar,,,0,3,0,0,3,2,0,,,,https://www.cebutours.ph/package/whale-shark-watching-and-sumilon-sandbar/
60,Oslob Whale Shark Watching,Tumalog Falls,Pescador Island,,,0,3,0,0,3,1,0,,,,https://www.cebutours.ph/package/whale-shark-pescador-island-hopping/
61,Oslob Whale Shark Watching,Tumalog Falls,Sumilon Island Sandbar,,,0,3,0,0,3,2,0,,,,https://www.cebutours.ph/package/sumilon-island-whale-shark-watching/
62,Osmena Peak,Canyoneering Cebu Badian Adventure,,,,0,1,0,0,2,1,0,,,,https://www.cebutours.ph/package/osmena-peak-and-canyoneering/
63,Osmena Peak,Kawasan Falls,,,,0,2,0,0,2,0,0,,,,https://www.cebutours.ph/package/kawasan-falls-and-osmena-peak/
64,10000 Roses Cafe,Sirao Garden,Tops Lookout,Temple of Leah,,1,3,0,1,0,2,1,,,,https://joansfootprints.com/2019/05/31/north-cebu-day-tour-a-php600-00-itinerary/
65,Basilica Minore Del Santo Nino,Magellan's Cross,Casa Gorordo Museum,Yap-San Diego Ancestral House,Heritage of Cebu Monument,5,0,1,0,0,0,3,,,"First 5 places out of 7, Day 1 itinerary of link ",https://herlculis.wordpress.com/2016/10/11/travel-guide-cebu-dumaguete-siquijor/
66,Oslob Whale Shark Watching,Tumalog Falls,,,,0,2,0,0,2,1,0,,,"Day 2 itinerary of link, excluding Dumaguete City",https://herlculis.wordpress.com/2016/10/11/travel-guide-cebu-dumaguete-siquijor/
67,Magellan's Cross,Basilica Minore Del Santo Nino,Fort San Pedro,Cebu Taoist Temple,,4,0,2,1,0,0,2,,,Day 1 itinerary of link,https://www.blog.book2wheel.com/2023/05/08/7-day-travel-itinerary-for-cebu-city-2023/
68,Oslob Whale Shark Watching,Kawasan Falls,,,,0,2,0,0,2,1,0,,,Day 3 itinerary of link,https://www.blog.book2wheel.com/2023/05/08/7-day-travel-itinerary-for-cebu-city-2023/
69,Fort San Pedro,Magellan's Cross,Temple of Leah,Taboan Public Market,Tops Lookout,3,1,0,1,1,1,3,,,,https://www.kkday.com/en/blog/36280/asia-philippines-24-hours-cebu-itinerary-things-to-do
70,Oslob Whale Shark Watching,Kawasan Falls,,,,0,2,0,0,2,1,0,,,Day 1 itinerary of link,https://sgp1.digitaloceanspaces.com/tz-mag-ph/wp-content/uploads/2018/03/070703032020/Klook-Cebu-Itinerary.pdf
71,Sirao Garden,Jumalon Butterfly Sanctuary And Art Gallery,Cebu Taoist Temple,Terrazas de Flores Botanical Garden,Tops Lookout,1,3,1,2,0,1,1,,,Day 3 itinerary of link,https://sgp1.digitaloceanspaces.com/tz-mag-ph/wp-content/uploads/2018/03/070703032020/Klook-Cebu-Itinerary.pdf
72,Cebu Metropolitan Cathedral,Tops Lookout,,,,1,1,1,0,0,1,1,,,Day 1 itinerary of link,https://dreamsinheels.com/cebu-itinerary-what-to-do-in-cebu-philippines-asia/
73,Cebu Taoist Temple,Jumalon Butterfly Sanctuary And Art Gallery,,,,1,1,1,2,0,0,0,,,Day 2 itinerary of link,https://dreamsinheels.com/cebu-itinerary-what-to-do-in-cebu-philippines-asia/
74,Oslob Whale Shark Watching,Tumalog Falls,Colon Street,,,0,2,0,0,3,1,1,,,Day 3 itinerary of link,https://dreamsinheels.com/cebu-itinerary-what-to-do-in-cebu-philippines-asia/
75,Basilica Minore Del Santo Nino,Fort San Pedro,Yap-San Diego Ancestral House,,,3,0,1,0,0,0,1,,,Day 4 itinerary of link,https://dreamsinheels.com/cebu-itinerary-what-to-do-in-cebu-philippines-asia/
76,Fort San Pedro,Colon Street,Taboan Public Market,Sky Experience Adventure,,1,0,0,0,3,1,2,,,Day 1 itinerary of link,https://www.halalzilla.com/cebu-pacific-5-day-cebu-itinerary-halal-food-mosques/86089
77,Green Mosque,Terrazas de Flores Botanical Garden,Tops Lookout,,,0,2,1,0,0,1,1,,,"Day 2 itinerary of link, Robinsons not Included",https://www.halalzilla.com/cebu-pacific-5-day-cebu-itinerary-halal-food-mosques/86089
78,Osmena Peak,Kawasan Falls,,,,0,2,0,0,2,0,0,,,Day 3 itinerary of link,https://www.halalzilla.com/cebu-pacific-5-day-cebu-itinerary-halal-food-mosques/86089
79,White Beach Moalboal,Panagsama Beach,Pescador Island,,,0,3,0,0,3,1,0,,,Day 4 itinerary of link,https://www.halalzilla.com/cebu-pacific-5-day-cebu-itinerary-halal-food-mosques/86089
80,Oslob Whale Shark Watching,Sumilon Island Sandbar,Tumalog Falls,Osmena Peak,,0,4,0,0,4,2,0,,,,https://www.taraletsanywhere.com/oslob-day-tour/?expand_article=1
81,Oslob Whale Shark Watching,Tumalog Falls,Sumilon Island Sandbar,Pescador Island,,0,4,0,0,4,2,0,,,,https://www.viator.com/tours/Cebu/Whale-Shark-and-Tumalog-Falls-and-Sumilon-Sandbar-and-Pescador-Island-with-Sardines/d5172-41718P19
82,Caohagan Island,Hilutongan Island (Gilutongan Island),Nalusuan Island,,,0,3,0,0,3,0,0,,,,https://www.viator.com/tours/Cebu/Mactan-Cebu-Island-Hopping-with-Lunch-Gilutungan-Caohagan-San-Vicente/d5172-41718P20
83,Basilica Minore Del Santo Nino,Magellan's Cross,Fort San Pedro,Heritage of Cebu Monument,Yap-San Diego Ancestral House,5,0,1,0,0,0,2,,,First 5 places out of 11 ,https://www.viator.com/tours/Cebu/Private-Cebu-and-Lapu-Lapu-City-Tour-with-Uphill-Spots-and-Lunch-at-House-of-Lechon/d5172-41718P22
84,Cebu Taoist Temple,Alegre Guitar Factory,Mactan Shrine,Temple of Leah,Tops Lookout,4,1,1,2,0,1,3,,,Places 6 to 10 of link,https://www.viator.com/tours/Cebu/Private-Cebu-and-Lapu-Lapu-City-Tour-with-Uphill-Spots-and-Lunch-at-House-of-Lechon/d5172-41718P22
85,Oslob Whale Shark Watching,Kawasan Falls,,,,0,2,0,0,2,1,0,,,,https://www.viator.com/tours/Cebu/Oslob-Whale-Shark-Swimming-and-Kawasan-Falls-Canyoneering/d5172-101045P3
86,Oslob Whale Shark Watching,Tumalog Falls,Sumilon Island Sandbar,Kawasan Falls,,0,4,0,0,4,2,0,,,,https://www.viator.com/tours/Cebu/Whale-Shark-Encouter-and-Sumilon-Sandbar-with-Kawasan-Falls/d5172-41718P9
87,Oslob Whale Shark Watching,Tumalog Falls,Sumilon Island Sandbar,,,0,3,0,0,3,2,0,,,,https://www.viator.com/tours/Cebu/Whale-Shark-Watching-and-Sumilon-Sandbar-Tour-Package/d5172-41718P11
88,Kawasan Falls,Pescador Island,,,,0,2,0,0,2,0,0,,,,https://www.viator.com/tours/Cebu/Kawasan-Falls-with-Moalboal-Island-Hopping/d5172-19592P6
89,Cebu Taoist Temple,Basilica Minore Del Santo Nino,Magellan's Cross,Fort San Pedro,Cebu Provincial Museum,5,0,2,1,0,0,3,,,Places 1-5 out of 8 of itinerary,https://www.islandtrektours.com/twin-city-tour-cebu-and-mactan/
90,Kawasan Falls,White Beach Moalboal,,,,0,2,0,0,2,0,0,,,Day 1 Itinerary of link,https://www.lakwatsero.com/info/itinerary-info/cebu-itinerary-three-day-adventures-in-the-south/
91,Cambais Falls,Inambakan Falls,Sumilon Island Sandbar,,,0,3,0,0,2,1,0,,,Day 2 Itinerary of link,https://www.lakwatsero.com/info/itinerary-info/cebu-itinerary-three-day-adventures-in-the-south/
92,Tumalog Falls,Osmena Peak,,,,0,2,0,0,2,0,0,,,Day 3 Itinerary of link,https://www.lakwatsero.com/info/itinerary-info/cebu-itinerary-three-day-adventures-in-the-south/
93,Pescador Island,,,,,0,1,0,0,1,0,0,,,Day 1 Itinerary of link,https://www.angelmacaraig.com/2016/11/4d3n-south-cebu-itinerary.html
94,Alegria Heritage Park,Oslob Whale Shark Watching,Sumilon Island Sandbar,Tumalog Falls,Osmena Peak,0,4,0,0,4,3,1,,,Day 2 Itinerary of link,https://www.angelmacaraig.com/2016/11/4d3n-south-cebu-itinerary.html
95,Canyoneering Cebu Badian Adventure,Kawasan Falls,,,,0,1,0,0,2,1,0,,,Day 3 Itinerary of link,https://www.angelmacaraig.com/2016/11/4d3n-south-cebu-itinerary.html
96,Simala Shrine (Monastery of the Holy Eucharist),,,,,1,0,1,0,0,0,1,,,Day 4 Itinerary of link,https://www.angelmacaraig.com/2016/11/4d3n-south-cebu-itinerary.html
97,Basilica Minore Del Santo Nino,Magellan's Cross,Fort San Pedro,Heritage of Cebu Monument,Yap-San Diego Ancestral House,5,0,1,0,0,0,2,,,First 5 places out of 11 of itinerary,https://www.tripadvisor.com/AttractionProductReview-g298460-d19279537-Private_Cebu_Lapu_Lapu_City_Tour_with_Uphill_Spots_Lunch_at_House_of_Lechon-Cebu_C.html
98,Cebu Taoist Temple,Alegre Guitar Factory,Mactan Shrine,Temple of Leah,Tops Lookout,4,1,1,2,0,1,3,,,Places 6-10 of itinerary,https://www.tripadvisor.com/AttractionProductReview-g298460-d19279537-Private_Cebu_Lapu_Lapu_City_Tour_with_Uphill_Spots_Lunch_at_House_of_Lechon-Cebu_C.html
99,Oslob Whale Shark Watching,Tumalog Falls,Sumilon Island Sandbar,Pescador Island,,0,4,0,0,4,2,0,,,Excluding Sardine Run,https://www.tripadvisor.com/AttractionProductReview-g298460-d18480259-Whale_Shark_Tumalog_Falls_Sumilon_Sandbar_Pescador_Island_with_Sardines-Cebu_City_.html
100,Oslob Whale Shark Watching,Tumalog Falls,Sumilon Island Sandbar,Kawasan Falls,,0,4,0,0,4,2,0,,,,https://www.tripadvisor.com/AttractionProductReview-g298460-d17460574-Whale_Shark_Encounter_and_Sumilon_Sandbar_with_Kawasan_Falls-Cebu_City_Cebu_Island.html
101,Caohagan Island,Nalusuan Island Marine Sanctuary,,,,0,2,0,0,2,0,0,,,,Nalusuan Island
102,Pescador Island,Canyoneering Cebu Badian Adventure,Kawasan Falls,,,0,2,0,0,3,1,0,,,,https://www.tripadvisor.com/AttractionProductReview-g298460-d17716642-Pescador_Island_with_Sardines_Turtle_and_Canyoneering_in_Kawasan_Falls-Cebu_City_C.html
103,Oslob Whale Shark Watching,Tumalog Falls,Canyoneering Cebu Badian Adventure,Kawasan Falls,,0,4,0,0,3,2,0,,,,https://www.tripadvisor.com/AttractionProductReview-g298460-d17517007-Whale_Shark_Snorkeling_w_Tumalog_Falls_Canyoneering_in_Kawasan-Cebu_City_Cebu_Isla.html
104,Heritage of Cebu Monument,Yap-San Diego Ancestral House,Basilica Minore Del Santo Nino,Magellan's Cross,,4,0,1,0,1,0,3,,,Places 1-5 out of 6 of itinerary,https://www.tripadvisor.com/AttractionProductReview-g294261-d25245114-Cebu_City_Historical_Street_and_Food_Tour-Cebu_Island_Visayas.html
105,Oslob Whale Shark Watching,Tumalog Falls,Sumilon Island Sandbar,Kawasan Falls,,0,4,0,0,4,2,0,,,,https://www.tripadvisor.com/AttractionProductReview-g298460-d19844027-Whale_Shark_Watching_with_Sumilon_Sandbar_and_Kawasan_Falls_Tour-Cebu_City_Cebu_Is.html
106,Oslob Whale Shark Watching,Tumalog Falls,Pescador Island,,,0,3,0,0,3,1,0,,,,https://www.tripadvisor.com/AttractionProductReview-g298460-d16861879-Whale_Shark_Tumalog_Falls_Pescador_Island_Sardine_Run_Turtle_in_One_Day-Cebu_City_.html
107,Oslob Whale Shark Watching,Tumalog Falls,Sumilon Island Sandbar,Canyoneering Cebu Badian Adventure,Kawasan Falls,0,4,0,0,5,3,0,,,,https://www.tripadvisor.com/AttractionProductReview-g294261-d19441669-Whale_Shark_Encounter_Sumilon_Sandbar_Canyoneering_in_Kawasan_Falls-Cebu_Island_Vi.html
108,Canyoneering Cebu Badian Adventure,Kawasan Falls,,,,0,1,0,0,2,1,0,,,,https://www.tripadvisor.com/AttractionProductReview-g1811784-d14097650-Private_Canyoneering_in_Kawasan_Falls_Tour_Package_with_Transportation-Talisay_Ci.html
109,Oslob Whale Shark Watching,Tumalog Falls,Sumilon Island Sandbar,,,0,3,0,0,3,2,0,,,,https://www.tripadvisor.com/AttractionProductReview-g294261-d17515942-Whale_Shark_Watching_and_Sumilon_Sandbar_Private_Tour_Package-Cebu_Island_Visayas.html
110,Cebu Taoist Temple,Temple of Leah,Sirao Garden,Mountain View Nature's Park,,2,1,1,2,1,1,1,,,,https://www.tripadvisor.com/AttractionProductReview-g294261-d25564573-Cebu_Highlands_Tour_Cebu_Taoist_Temple_of_Leah_and_Sirao_Garden-Cebu_Island_Visaya.html
111,Oslob Whale Shark Watching,Tumalog Falls,Kawasan Falls,,,0,3,0,0,3,1,0,,,,https://www.tripadvisor.com/AttractionProductReview-g298460-d15341934-Whale_Shark_Watching_Tumalog_Falls_Kawasan_Falls-Cebu_City_Cebu_Island_Visayas.html
112,Cebu Taoist Temple,Heritage of Cebu Monument,Yap-San Diego Ancestral House,Magellan's Cross,Basilica Minore Del Santo Nino,5,0,2,1,0,0,2,,,,https://www.tripadvisor.com/AttractionProductReview-g298460-d16656751-Cebu_City_Tour_Private-Cebu_City_Cebu_Island_Visayas.html
113,Basilica Minore Del Santo Nino,Magellan's Cross,Alegre Guitar Factory,Mactan Shrine,Cebu Taoist Temple,5,0,1,2,0,0,4,,,Places 1 to 5 out of 10,https://www.tripadvisor.com/AttractionProductReview-g298460-d18912177-Cebu_City_Historical_Tour-Cebu_City_Cebu_Island_Visayas.html
114,Heritage of Cebu Monument,Sirao Garden,Fort San Pedro,Temple of Leah,Tops Lookout,3,2,0,1,0,1,1,,,Places 6 to 10 out of 10,https://www.tripadvisor.com/AttractionProductReview-g298460-d18912177-Cebu_City_Historical_Tour-Cebu_City_Cebu_Island_Visayas.html
115,Oslob Whale Shark Watching,Kawasan Falls,,,,0,2,0,0,2,1,0,,,,https://www.tripadvisor.com/AttractionProductReview-g298460-d19440212-Oslob_Whaleshark_Kawasan_Falls_Tour-Cebu_City_Cebu_Island_Visayas.html
116,Kawasan Falls,Pescador Island,,,,0,2,0,0,2,0,0,,,Excluding Sardine Run,https://www.tripadvisor.com/AttractionProductReview-g294261-d12650978-Full_Day_Moalboal_Islands_and_Kawasan_Falls_Small_Group_Tour_from_Cebu-Cebu_Island.html
117,Oslob Whale Shark Watching,Cuartel Ruins,Tumalog Falls,Sumilon Island Sandbar,,1,3,0,0,3,2,0,,,,https://www.tripadvisor.com/AttractionProductReview-g298460-d25333965-Oslob_Whaleshark_and_Tumalog_Falls_Joiners-Cebu_City_Cebu_Island_Visayas.html
118,Oslob Whale Shark Watching,Kawasan Falls,,,,0,2,0,0,2,1,0,,,,https://www.tripadvisor.com/AttractionProductReview-g298460-d12990387-Oslob_Whaleshark_and_Kawasan_Falls_Tour-Cebu_City_Cebu_Island_Visayas.html
119,Oslob Whale Shark Watching,Kawasan Falls,,,,0,2,0,0,2,1,0,,,,https://www.tripadvisor.com/AttractionProductReview-g298460-d15534234-Oslob_Whale_Shark_Swimming_and_Kawasan_Falls_Canyoneering-Cebu_City_Cebu_Island_Vi.html
120,Fort San Pedro,Basilica Minore Del Santo Nino,Casa Gorordo Museum,Cebu Taoist Temple,,4,0,2,1,0,0,2,,,,https://www.tripadvisor.com/AttractionProductReview-g298460-d12470040-Private_5_Hour_Cebu_City_Tour_with_Lunch-Cebu_City_Cebu_Island_Visayas.html
121,Oslob Whale Shark Watching,Tumalog Falls,Sumilon Island Sandbar,,,0,3,0,0,3,2,0,,,,https://www.tripadvisor.com/AttractionProductReview-g294261-d12990388-Oslob_Whaleshark_with_Sumilon_Island-Cebu_Island_Visayas.html
122,Basilica Minore Del Santo Nino,Chapel of San Pedro Calungsod,Simala Shrine (Monastery of the Holy Eucharist),Capila de Sta. Ana,,3,0,4,0,0,0,2,,,,https://www.tripadvisor.com/AttractionProductReview-g298460-d21070033-Pilgrimage_Tour_in_Cebu-Cebu_City_Cebu_Island_Visayas.html
123,Basilica Minore Del Santo Nino,Cebu Metropolitan Cathedral,Archdiocesan Museum of Cebu,OAD Tabor Hill,,3,0,4,0,0,0,3,,,,https://www.tripadvisor.com/AttractionProductReview-g294261-d20298190-A_Half_day_Guided_Pilgrimage_Tour_in_Cebu_CIty-Cebu_Island_Visayas.html
