Basilica Minore Del Santo Nino,Magellan's Cross,Fort San Pedro,Heritage of Cebu Monument,Cebu Taoist Temple
Sirao Garden,La Vie in the Sky,Temple of Leah,Simala Shrine (Monastery of the Holy Eucharist),
Basilica Minore Del Santo Nino,Magellan's Cross,Fort San Pedro,Heritage of Cebu Monument,Yap-San Diego Ancestral House
Alegre Guitar Factory,Mactan Shrine,Cebu Taoist Temple,Temple of Leah,Tops Lookout
Temple of Leah,Tops Lookout,Sirao Garden,Adventure Cafe and Zipline,Buwakan ni Alejandra
Cebu Provincial Museum,Heritage of Cebu Monument,Yap-San Diego Ancestral House,Magellan's Cross,Basilica Minore Del Santo Nino
Sirao Garden,Temple of Leah,Cebu Taoist Temple,,
Simala Shrine (Monastery of the Holy Eucharist),Sirao Garden,Sachiko's Little Kyoto,Temple of Leah,
Buwakan ni Alejandra,Adventure Cafe and Zipline,Sirao Garden,Tops Lookout,Temple of Leah
Sirao Garden,Temple of Leah,Cebu Taoist Temple,Yap-San Diego Ancestral House,Heritage of Cebu Monument
Fort San Pedro,Magellan's Cross,Basilica Minore Del Santo Nino,Mactan Shrine,
Cebu Taoist Temple,Yap-San Diego Ancestral House,Heritage of Cebu Monument,Fort San Pedro,Magellan's Cross
Temple of Leah,Tops Lookout,La Vie in the Sky,10000 Roses Cafe,
Simala Shrine (Monastery of the Holy Eucharist),Teofilo Camomot Shrine,Theotokos Shrine,Chapel of San Pedro Calungsod,
Basilica Minore Del Santo Nino,Magellan's Cross,Fort San Pedro,Cebu Metropolitan Cathedral,Sky Experience Adventure
Cebu Taoist Temple,Sirao Garden,Temple of Leah,Taboan Public Market,
Heritage of Cebu Monument,Colon Street,Jesuit House Museum,Yap-San Diego Ancestral House,Mactan Shrine
Fort San Pedro,Cebu Provincial Museum,Magellan's Cross,Basilica Minore Del Santo Nino,Cebu Taoist Temple
Hilutongan Island (Gilutongan Island),Nalusuan Island,Caohagan Island,,
Cebu Provincial Museum,Sirao Garden,Temple of Leah,Taboan Public Market,
Heritage of Cebu Monument,Colon Street,Jesuit House Museum,Yap-San Diego Ancestral House,Mactan Shrine
Fort San Pedro,Magellan's Cross,Basilica Minore Del Santo Nino,Heritage of Cebu Monument,Temple of Leah   
Sirao Garden,Mountain View Nature's Park,Temple of Leah,Kabang Falls (Budlaan Falls),Cebu Taoist Temple
Osmena Peak,Kawasan Falls,Panagsama Beach,White Beach Moalboal,
Temple of Leah,Cebu Taoist Temple,Mactan Shrine,,
Magellan's Cross,Basilica Minore Del Santo Nino,Fort San Pedro,Upside Down World,
Pescador Island,White Beach Moalboal,,,
Canyoneering Cebu Badian Adventure,Kawasan Falls,,,
Oslob Whale Shark Watching,Tingko Beach,Simala Shrine (Monastery of the Holy Eucharist),,
Magellan's Cross,Fort San Pedro,Taboan Public Market,Jesuit House Museum,Casa Gorordo Museum
Sirao Garden,Temple Of Leah,Tops Lookout,Magellan's Cross,Basilica Minore Del Santo Nino
Fort San Pedro,Basilica Minore Del Santo Nino,Magellan's Cross,Heritage of Cebu Monument,Yap-San Diego Ancestral House
Magellan's Cross,Fort San Pedro,Sky Experience Adventure,Cebu Taoist Temple,Sirao Garden
Plaza Independencia,Fort San Pedro,Magellan's Cross,Basilica Minore Del Santo Nino,Sirao Garden
Tops Lookout,Temple Of Leah,Cebu Taoist Temple,,
Basilica Minore Del Santo Nino,Magellan's Cross,Fort San Pedro,Cebu Provincial Museum,Casa Gorordo Museum
Yap-San Diego Ancestral House,Heritage of Cebu Monument,Colon Street,,
Mactan Shrine,Olango Islands,Island Eco Tourism Park,San Vicente Marine Sanctuary,
White Beach Moalboal,Panagsama Beach,,,
Fort San Pedro,Magellan's Cross,Basilica Minore Del Santo Nino,Colon Street,Cebu Taoist Temple
Oslob Whale Shark Watching,Kawasan Falls,,,
White Beach Moalboal,Pescador Island,,,
Fort San Pedro,Basilica Minore Del Santo Nino,Magellan's Cross,Cebu Metropolitan Cathedral,Cebu Taoist Temple
Basilica Minore Del Santo Nino,Fort San Pedro,Magellan's Cross,Yap-San Diego Ancestral House,Tops Lookout
Kawasan Falls,Tumalog Falls,Cebu Taoist Temple,Heritage of Cebu Monument,
Sirao Garden,Temple Of Leah,Cebu Taoist Temple,Fort San Pedro,Basilica Minore Del Santo Nino
Mactan Shrine,Cebu Taoist Temple,Fort San Pedro,Magellan's Cross,
Panagsama Beach,Orchids Gallery,White Beach Moalboal,,
Magellan's Cross,Basilica Minore Del Santo Nino,Fort San Pedro,Mactan Shrine,Cebu Taoist Temple
Canyoneering Cebu Badian Adventure,Kawasan Falls,,,
Panagsama Beach,SeaQuest Dive Center,White Beach Moalboal,,
Kawasan Falls,Cambais Falls,Osmena Peak,,
Oslob Whale Shark Watching,Tumalog Falls,,,
Hilutongan Island (Gilutongan Island),Caohagan Island,Nalusuan Island,,
Oslob Whale Shark Watching,Tumalog Falls,Sumilon Island Sandbar,Kawasan Falls,
Oslob Whale Shark Watching,Tumalog Falls,Sumilon Island Sandbar,Pescador Island,
Oslob Whale Shark Watching,Tumalog Falls,Kawasan Falls,Pescador Island,
Oslob Whale Shark Watching,Tumalog Falls,Kawasan Falls,,
Oslob Whale Shark Watching,Tumalog Falls,Sumilon Island Sandbar,,
Oslob Whale Shark Watching,Tumalog Falls,Pescador Island,,
Oslob Whale Shark Watching,Tumalog Falls,Sumilon Island Sandbar,,
Osmena Peak,Canyoneering Cebu Badian Adventure,,,
Osmena Peak,Kawasan Falls,,,
10000 Roses Cafe,Sirao Garden,Tops Lookout,Temple of Leah,
Basilica Minore Del Santo Nino,Magellan's Cross,Casa Gorordo Museum,Yap-San Diego Ancestral House,Heritage of Cebu Monument
Oslob Whale Shark Watching,Tumalog Falls,,,
Magellan's Cross,Basilica Minore Del Santo Nino,Fort San Pedro,Cebu Taoist Temple,
Oslob Whale Shark Watching,Kawasan Falls,,,
Fort San Pedro,Magellan's Cross,Temple of Leah,Taboan Public Market,Tops Lookout
Oslob Whale Shark Watching,Kawasan Falls,,,
Sirao Garden,Jumalon Butterfly Sanctuary And Art Gallery,Cebu Taoist Temple,Terrazas de Flores Botanical Garden,Tops Lookout
Cebu Metropolitan Cathedral,Tops Lookout,,,
Cebu Taoist Temple,Jumalon Butterfly Sanctuary And Art Gallery,,,
Oslob Whale Shark Watching,Tumalog Falls,Colon Street,,
Basilica Minore Del Santo Nino,Fort San Pedro,Yap-San Diego Ancestral House,,
Fort San Pedro,Colon Street,Taboan Public Market,Sky Experience Adventure,
Green Mosque,Terrazas de Flores Botanical Garden,Tops Lookout,,
Osmena Peak,Kawasan Falls,,,
White Beach Moalboal,Panagsama Beach,Pescador Island,,
Oslob Whale Shark Watching,Sumilon Island Sandbar,Tumalog Falls,Osmena Peak,
Oslob Whale Shark Watching,Tumalog Falls,Sumilon Island Sandbar,Pescador Island,
Caohagan Island,Hilutongan Island (Gilutongan Island),Nalusuan Island,,
Basilica Minore Del Santo Nino,Magellan's Cross,Fort San Pedro,Heritage of Cebu Monument,Yap-San Diego Ancestral House
Cebu Taoist Temple,Alegre Guitar Factory,Mactan Shrine,Temple of Leah,Tops Lookout
Oslob Whale Shark Watching,Kawasan Falls,,,
Oslob Whale Shark Watching,Tumalog Falls,Sumilon Island Sandbar,Kawasan Falls,
Oslob Whale Shark Watching,Tumalog Falls,Sumilon Island Sandbar,,
Kawasan Falls,Pescador Island,,,
Cebu Taoist Temple,Basilica Minore Del Santo Nino,Magellan's Cross,Fort San Pedro,Cebu Provincial Museum
Kawasan Falls,White Beach Moalboal,,,
Cambais Falls,Inambakan Falls,Sumilon Island Sandbar,,
Tumalog Falls,Osmena Peak,,,
Pescador Island,,,,
Alegria Heritage Park,Oslob Whale Shark Watching,Sumilon Island Sandbar,Tumalog Falls,Osmena Peak
Canyoneering Cebu Badian Adventure,Kawasan Falls,,,
Simala Shrine (Monastery of the Holy Eucharist),,,,
Basilica Minore Del Santo Nino,Magellan's Cross,Fort San Pedro,Heritage of Cebu Monument,Yap-San Diego Ancestral House
Cebu Taoist Temple,Alegre Guitar Factory,Mactan Shrine,Temple of Leah,Tops Lookout
Oslob Whale Shark Watching,Tumalog Falls,Sumilon Island Sandbar,Pescador Island,
Oslob Whale Shark Watching,Tumalog Falls,Sumilon Island Sandbar,Kawasan Falls,
Caohagan Island,Nalusuan Island,,,
Pescador Island,Canyoneering Cebu Badian Adventure,Kawasan Falls,,
Oslob Whale Shark Watching,Tumalog Falls,Canyoneering Cebu Badian Adventure,Kawasan Falls,
Heritage of Cebu Monument,Yap-San Diego Ancestral House,Basilica Minore Del Santo Nino,Magellan's Cross,,
Oslob Whale Shark Watching,Tumalog Falls,Sumilon Island Sandbar,Kawasan Falls,
Oslob Whale Shark Watching,Tumalog Falls,Pescador Island,,
Oslob Whale Shark Watching,Tumalog Falls,Sumilon Island Sandbar,Canyoneering Cebu Badian Adventure,Kawasan Falls
Canyoneering Cebu Badian Adventure,Kawasan Falls,,,
Oslob Whale Shark Watching,Tumalog Falls,Sumilon Island Sandbar,,
Cebu Taoist Temple,Temple of Leah,Sirao Garden,Mountain View Nature's Park,
Oslob Whale Shark Watching,Tumalog Falls,Kawasan Falls,,
Cebu Taoist Temple,Heritage of Cebu Monument,Yap-San Diego Ancestral House,Magellan's Cross,Basilica Minore Del Santo Nino
Basilica Minore Del Santo Nino,Magellan's Cross,Alegre Guitar Factory,Mactan Shrine,Cebu Taoist Temple
Heritage of Cebu Monument,Sirao Garden,Fort San Pedro,Temple of Leah,Tops Lookout
Oslob Whale Shark Watching,Kawasan Falls,,,
Kawasan Falls,Pescador Island,,,
Oslob Whale Shark Watching,Cuartel Ruins,Tumalog Falls,Sumilon Island Sandbar,
Oslob Whale Shark Watching,Kawasan Falls,,,
Oslob Whale Shark Watching,Kawasan Falls,,,
Fort San Pedro,Basilica Minore Del Santo Nino,Casa Gorordo Museum,Cebu Taoist Temple,
Oslob Whale Shark Watching,Tumalog Falls,Sumilon Island Sandbar,,
Basilica Minore Del Santo Nino,Chapel of San Pedro Calungsod,Simala Shrine (Monastery of the Holy Eucharist),Capila de Sta. Ana,
Basilica Minore Del Santo Nino,Cebu Metropolitan Cathedral,Archdiocesan Museum of Cebu,OAD Tabor Hill,